<Ui xmlns="http://www.blizzard.com/wow/ui/" xmlns:xsi="http://www.w3.org/2001/XMLSchema-instance" xsi:schemaLocation="http://www.blizzard.com/wow/ui/
C:\Projects\WoW\Bin\Interface\FrameXML\UI.xsd">
	<Script file="CT_RADetectSpells.lua"/>
	<Frame name="CT_RADetectSpellFrame" parent="UIParent">
		<Scripts>
			<OnLoad>
				CT_RADetectSpells_OnLoad(self);
			</OnLoad>
			<OnEvent>
				CT_RADetectSpells_OnEvent(self, event, ...);
			</OnEvent>
		</Scripts>
	</Frame>
	<GameTooltip name="CT_RADST" inherits="GameTooltipTemplate">
		<Scripts>
			<OnLoad>
				self:SetOwner(WorldFrame, "ANCHOR_NONE");
			</OnLoad>
		</Scripts>
	</GameTooltip>
</Ui>