<Ui xmlns="http://www.blizzard.com/wow/ui/" xmlns:xsi="http://www.w3.org/2001/XMLSchema-instance" xsi:schemaLocation="http://www.blizzard.com/wow/ui/
C:\Projects\WoW\Bin\Interface\FrameXML\UI.xsd">
	<Script file="CT_RAClassSpells.lua"/>
	<Script file="CT_RaidAssist.lua"/>
	<Frame name="CT_RAGroupMemberBuffButtonTemplate" virtual="true" hidden="false">
		<Size>
			<AbsDimension x="9" y="9"/>
		</Size>
		<Layers>
			<Layer level="OVERLAY">
				<Texture name="$parentIcon"/>
			</Layer>
		</Layers>
		<Scripts>
			<OnEnter>
				CT_RA_BuffButton_OnEnter(self);
			</OnEnter>
			<OnLeave>
				GameTooltip:Hide();
			</OnLeave>
		</Scripts>
	</Frame>
	<Frame name="CT_RAGroupDragTemplate" virtual="true" movable="true" hidden="false">
		<Size>
			<AbsDimension x="90" y="20"/>
		</Size>
		<Anchors>
			<Anchor point="TOPLEFT"/>
		</Anchors>
		<Scripts>
			<OnEnter>
				CT_RA_Drag_OnEnter(self);
			</OnEnter>
			<OnLeave>
				GameTooltip:Hide();
			</OnLeave>
			<OnMouseDown>
				if ( button == "LeftButton" ) then
					if (not InCombatLockdown()) then
						if ( IsShiftKeyDown() and
						     strsub(self:GetName(), 1, 7) ~= "CT_RAMT" and
						     strsub(self:GetName(), 1, 7) ~= "CT_RAPT" ) then
							CT_RA_DragAllWindows(self, 1);
							self.dragall = 1;
						end
					end
					self:StartMoving();
				end
			</OnMouseDown>
			<OnMouseUp>
				if ( button == "LeftButton" ) then
					if ( self.dragall ) then
						CT_RA_DragAllWindows(self, nil);
						self.dragall = nil;
					end
					self:StopMovingOrSizing();
					CT_RAMenu_SaveWindowPositions();
				end
			</OnMouseUp>
			<OnLoad>
				self.id = self:GetID();
				self.name = self:GetName();
			</OnLoad>
		</Scripts>
	</Frame>
	<Button name="CT_RAGroupMemberTemplate" frameStrata="MEDIUM" virtual="true" hidden="false" inherits="SecureUnitButtonTemplate">
		<Size>
			<AbsDimension x="90" y="40"/>
		</Size>
		<Backdrop name="$parentBackdrop" bgFile="Interface\AddOns\CT_RaidAssist\Images\memberBackground" edgeFile="Interface\Tooltips\UI-Tooltip-Border" tile="true">
			<EdgeSize>
				<AbsValue val="16"/>
			</EdgeSize>
			<TileSize>
				<AbsValue val="16"/>
			</TileSize>
			<BackgroundInsets>
				<AbsInset left="5" right="5" top="5" bottom="5"/>
			</BackgroundInsets>
		</Backdrop>
		<Frames>
			<StatusBar name="$parentHPBar" inherits="TextStatusBar">
				<Size>
					<AbsDimension x="70" y="6"/>
				</Size>
				<Anchors>
					<Anchor point="TOPLEFT">
						<Offset>
							<AbsDimension x="10" y="-22"/>
						</Offset>
					</Anchor>
				</Anchors>
				<Scripts>
					<OnLoad>
						self:SetMinMaxValues(0, 100);
						self:SetValue(100);
					</OnLoad>
				</Scripts>
				<BarTexture file="Interface\TargetingFrame\UI-StatusBar"/>
				<BarColor r="0" g="1" b="0"/>
			</StatusBar>
			<StatusBar name="$parentMPBar" inherits="TextStatusBar">
				<Size>
					<AbsDimension x="70" y="6"/>
				</Size>
				<Anchors>
					<Anchor point="BOTTOMLEFT">
						<Offset>
							<AbsDimension x="10" y="6"/>
						</Offset>
					</Anchor>
				</Anchors>
				<Scripts>
					<OnLoad>
						self:SetMinMaxValues(0, 100);
						self:SetValue(100);
					</OnLoad>
				</Scripts>
				<BarTexture file="Interface\TargetingFrame\UI-StatusBar"/>
				<BarColor r="0" g="0" b="1"/>
			</StatusBar>
			<Frame setAllPoints="true">
				<Frames>
					<Frame setAllPoints="true">
						<Layers>
							<Layer level="OVERLAY">
								<FontString name="$parentPercent" hidden="true" inherits="GameFontNormalSmall">
									<Color r="1.0" g="1.0" b="1.0"/>
									<Anchors>
										<Anchor relativePoint="TOPLEFT" point="TOP">
											<Offset>
												<AbsDimension x="47" y="-18"/>
											</Offset>
										</Anchor>
									</Anchors>
								</FontString>
							</Layer>
						</Layers>
						<Frames>
							<Frame name="$parentBuffButton1" inherits="CT_RAGroupMemberBuffButtonTemplate" hidden="true" id="1">
								<Anchors>
									<Anchor point="TOPRIGHT" relativePoint="TOPRIGHT">
										<Offset>
											<AbsDimension x="-5" y="-5"/>
										</Offset>
									</Anchor>
								</Anchors>
								<Scripts>
									<OnLoad>
										self.type = "BUFF";
									</OnLoad>
								</Scripts>
							</Frame>
							<Frame name="$parentBuffButton2" inherits="CT_RAGroupMemberBuffButtonTemplate" hidden="true" id="2">
								<Anchors>
									<Anchor point="TOP" relativePoint="BOTTOM" relativeTo="$parentBuffButton1">
										<Offset>
											<AbsDimension x="0" y="1"/>
										</Offset>
									</Anchor>
								</Anchors>
								<Scripts>
									<OnLoad>
										self.type = "BUFF";
									</OnLoad>
								</Scripts>
							</Frame>
							<Frame name="$parentBuffButton3" inherits="CT_RAGroupMemberBuffButtonTemplate" hidden="true" id="3">
								<Anchors>
									<Anchor point="RIGHT" relativePoint="LEFT" relativeTo="$parentBuffButton1">
										<Offset>
											<AbsDimension x="-1" y="0"/>
										</Offset>
									</Anchor>
								</Anchors>
								<Scripts>
									<OnLoad>
										self.type = "BUFF";
									</OnLoad>
								</Scripts>
							</Frame>
							<Frame name="$parentBuffButton4" inherits="CT_RAGroupMemberBuffButtonTemplate" hidden="true" id="4">
								<Anchors>
									<Anchor point="RIGHT" relativePoint="LEFT" relativeTo="$parentBuffButton2">
										<Offset>
											<AbsDimension x="-1" y="0"/>
										</Offset>
									</Anchor>
								</Anchors>
								<Scripts>
									<OnLoad>
										self.type = "BUFF";
									</OnLoad>
								</Scripts>
							</Frame>
							<Frame name="$parentDebuffButton1" inherits="CT_RAGroupMemberBuffButtonTemplate" hidden="true" id="1">
								<Size>
									<AbsDimension x="16" y="16"/>
								</Size>
								<Anchors>
									<Anchor point="TOPRIGHT" relativePoint="TOPRIGHT">
										<Offset>
											<AbsDimension x="-5" y="-5"/>
										</Offset>
									</Anchor>
								</Anchors>
								<Scripts>
									<OnLoad>
										self.type = "DEBUFF";
									</OnLoad>
								</Scripts>
							</Frame>
							<Frame name="$parentDebuffButton2" inherits="CT_RAGroupMemberBuffButtonTemplate" hidden="true" id="2">
								<Size>
									<AbsDimension x="16" y="16"/>
								</Size>
								<Anchors>
									<Anchor point="RIGHT" relativePoint="LEFT" relativeTo="$parentDebuffButton1">
										<Offset>
											<AbsDimension x="-1" y="0"/>
										</Offset>
									</Anchor>
								</Anchors>
								<Scripts>
									<OnLoad>
										self.type = "DEBUFF";
									</OnLoad>
								</Scripts>
							</Frame>
						</Frames>
					</Frame>
				</Frames>
			</Frame>
		</Frames>
		<Layers>
			<Layer level="ARTWORK">
				<FontString name="$parentName" justifyH="LEFT" justifyV="TOP" hidden="false" inherits="GameFontNormalSmall" text="">
					<Size>
						<AbsDimension x="80" y="16"/>
					</Size>
					<Anchors>
						<Anchor point="TOPLEFT" relativePoint="TOPLEFT">
							<Offset>
								<AbsDimension x="7" y="-7"/>
							</Offset>
						</Anchor>
					</Anchors>
				</FontString>
				<FontString name="$parentStatus" hidden="false" inherits="GameFontNormalSmall" text="">
					<Anchors>
						<Anchor point="TOPLEFT">
							<Offset>
								<AbsDimension x="10" y="-18"/>
							</Offset>
						</Anchor>
					</Anchors>
				</FontString>
				<Texture name="$parentHPBG" file="Interface\TargetingFrame\UI-StatusBar">
					<Size>
						<AbsDimension x="70" y="6"/>
					</Size>
					<Anchors>
						<Anchor point="TOPLEFT">
							<Offset>
								<AbsDimension x="10" y="-22"/>
							</Offset>
						</Anchor>
					</Anchors>
				</Texture>
				<Texture name="$parentMPBG" file="Interface\TargetingFrame\UI-StatusBar">
					<Size>
						<AbsDimension x="70" y="6"/>
					</Size>
					<Anchors>
						<Anchor point="BOTTOMLEFT">
							<Offset>
								<AbsDimension x="10" y="6"/>
							</Offset>
						</Anchor>
					</Anchors>
				</Texture>
			</Layer>
			<Layer level="OVERLAY">
				<Texture name="$parentIcon" hidden="true" alphaMode="DISABLE">
					<Size>
						<AbsDimension x="15" y="14"/>
					</Size>
					<Anchors>
						<Anchor point="TOPLEFT">
							<Offset>
								<AbsDimension x="36" y="-6"/>
							</Offset>
						</Anchor>
					</Anchors>
				</Texture>
			</Layer>
		</Layers>
		<Attributes>
			<Attribute name="type" type="string" value="target"/>
		</Attributes>
		<Scripts>
			<OnLoad>
				self.HPBG = CT_RA_Cache[self].HPBG;
				self.MPBG = CT_RA_Cache[self].MPBG;
				self.Name = CT_RA_Cache[self].Name;
				self.Status = CT_RA_Cache[self].Status;
				self.HPBar = CT_RA_Cache[self].HPBar;
				self.MPBar = CT_RA_Cache[self].MPBar;
				self.Cast = CT_RA_Cache[self].Cast;
				self.CastFrame = CT_RA_Cache[self].CastFrame;
				self.Percent = CT_RA_Cache[self].Percent;
				self.BuffButton1 = CT_RA_Cache[self].BuffButton1;
				self.BuffButton2 = CT_RA_Cache[self].BuffButton2;
				self.BuffButton3 = CT_RA_Cache[self].BuffButton3;
				self.BuffButton4 = CT_RA_Cache[self].BuffButton4;
				self.DebuffButton1 = CT_RA_Cache[self].DebuffButton1;
				self.DebuffButton2 = CT_RA_Cache[self].DebuffButton2;

				self.frameParent = self:GetParent();
				self.HPBG:SetVertexColor(0, 1, 0, 0.2);
				self.MPBG:SetVertexColor(0, 0, 1, 0.2);
				self:SetBackdropColor(0, 0.1, 0.9, 0.5);
				self.name = self:GetName();
				self.update = 1;
				self.HPBar:EnableMouse(false);
				self.MPBar:EnableMouse(false);

				--self:SetAttribute("type", "target");
				ClickCastFrames = ClickCastFrames or { };
				ClickCastFrames[self] = true;
			</OnLoad>
			<OnEnter>
				CT_RA_MemberFrame_OnEnter(self);
			</OnEnter>
			<OnLeave>
				if ( SpellIsTargeting() ) then
					SetCursor("CAST_ERROR_CURSOR");
				end
				CT_RA_CurrentMemberFrame = nil;
				GameTooltip:Hide();
			</OnLeave>
			<OnAttributeChanged>
				-- OnAttributeChanged(self, name, value)
				if ( name ~= "unit" ) then
					return;
				end

				-- Based on observations using a print(), this OnAttributeChanged is getting
				-- called 6 times per group.
				--
				--   The first 4 times, 'value' is the unit (or nil) already assigned to the frame.
				--   The next 2 times, 'value' is the unit (or nil) that should be assigned to the frame.
				--
				-- Because of the 4 times that it gets called using the existing units assigned
				-- to the frame, we have to prevent these old unit calls from overwriting the frame
				-- assigned to the new unit when the new unit was assigned during a previous
				-- OnAttributeChanged call.
				--
				-- For example, consider this sequence of calls to OnAttributeChanged:
				--   a) 4 times with self == CT_RAGroup1UnitButton2, name == "unit", value == nil
				--   b) 2 times with self == CT_RAGroup1UnitButton2, name == "unit", value == "raid2"
				--   c) 4 times with self == CT_RAGroup7UnitButton1, name == "unit", value == "raid2"
				--   d) 2 times with self == CT_RAGroup7UnitButton1, name == "unit", value == nil
				--
				-- In (a) it is passing us the unit currently assigned to the frame at the time.
				-- The nil unit indicates that there is no unit assigned to the frame.
				--
				-- In (b) it is passing us the new unit being assigned to the frame. This is the frame
				-- that we want to keep associated with the unit.
				--
				-- In (c) it is passing us the unit that was assigned to the frame. In this case
				-- the unit it has passed us has already been reassigned to a different frame in (b).
				-- We need to make sure during (c) that we don't try to assign (c)'s frame to the
				-- unit, since that would overwrite the assignment that the game made during (b).
				--
				-- In (d) it is passing us the new unit being assigned to the frame. In this case
				-- a nil unit is being assigned.
				--
				-- Because the units are changed one at a time we will be receiving multiple
				-- OnAttributeChanged calls.  Some units may be assigned to zero, one, or two
				-- frames for a period of time.  Once all of the OnAttributeChanged calls have
				-- finished, each unit should only be assigned to one frame.

				local resetFrameMap;
				do
					if (self:GetName() == "CT_RAGroup1UnitButton1") then
						-- Reset the unit-to-frame table when unit assignments start (ie. the first time
						-- that group 1 unit button 1 is assigned a unit during this series of assignments).
						-- We have to reset the table so that there is no frame associated with
						-- each unit when we start. An old frame assignment in a frame we are yet to
						-- be notified about might otherwise prevent us from assigning the unit's new
						-- frame to our table.
						if (resetFrameMap == nil or resetFrameMap == true) then
							resetFrameMap = false;
							for unit, frame in pairs(CT_RA_UnitIDFrameMap) do
								CT_RA_UnitIDFrameMap[unit] = nil;
							end
						end
					else
						-- Set flag to reset the unit-to-frame table the next time unit assignments start over.
						resetFrameMap = true;
					end

					-- Remove all units that refer to this frame.
					for unit, frame in pairs(CT_RA_UnitIDFrameMap) do
						if (frame == self) then
							CT_RA_UnitIDFrameMap[unit] = nil;
						end
					end

					if (value) then
						-- We have a unit for this frame.
						if (not CT_RA_UnitIDFrameMap[value]) then
							-- The unit has not been assigned to a frame yet.
							-- Associate this frame with this unit.
							CT_RA_UnitIDFrameMap[value] = self;
						else
							-- The unit has already been assigned to a frame.
							-- This OnAttributeChanged call involves the frame that this unit was originally assigned to.
							-- The unit has already been assigned to another frame during an earlier OnAttributeChanged call.
							-- This script will soon be getting called with the new unit for this frame.
						end
						self.id = value:match("^raid(%d+)$");
						self.frameParent.hasMembers = true;
					else
						-- We don't have a unit for this frame.
						self.id = nil;
						if ( not self.frameParent:GetAttribute("child1"):IsShown() ) then
							self.frameParent.hasMembers = nil;
						end
					end
					CT_RA_UpdateGroupVisibility(self.frameParent.id);
				end
			</OnAttributeChanged>
		</Scripts>
	</Button>
	<Button name="CT_RAMTMemberTemplate" virtual="true" inherits="CT_RAGroupMemberTemplate">
		<Size>
			<AbsDimension x="90" y="40"/>
		</Size>
		<Scripts>
			<OnAttributeChanged>
				-- OnAttributeChanged(self, name, value)
				if (  name == "unit" ) then
					if ( value ) then
						if ( self.frameParent.useModifier ) then
							self.unit = value .. self.frameParent.useModifier;
						else
							self.unit = value;
						end
						self.id = value:match("^raid(%d+)$");
					else
						self.id = nil;
					end
				end
			</OnAttributeChanged>
		</Scripts>
	</Button>
	<Frame name="CT_RAGroupTemplate" frameStrata="MEDIUM" virtual="true" inherits="SecureRaidGroupHeaderTemplate">
		<Size>
			<AbsDimension x="90" y="220"/>
		</Size>
		<Anchors>
			<Anchor point="TOPLEFT"/>
		</Anchors>
		<Layers>
			<Layer level="BACKGROUND">
				<FontString name="$parentGroupName" hidden="false" inherits="GameFontNormalSmall">
					<Anchors>
						<Anchor point="BOTTOM" relativePoint="TOP">
							<Offset>
								<AbsDimension x="0" y="1"/>
							</Offset>
						</Anchor>
					</Anchors>
				</FontString>
			</Layer>
		</Layers>
	</Frame>
	<Frame name="CT_RAFrame" hidden="false">
		<Anchors>
			<Anchor point="TOPLEFT"/>
		</Anchors>
		<Frames>
			<Frame name="CT_RAGroup1" inherits="CT_RAGroupTemplate" parent="UIParent" id="1" hidden="true"/>
			<Frame name="CT_RAGroup2" inherits="CT_RAGroupTemplate" parent="UIParent" id="2" hidden="true"/>
			<Frame name="CT_RAGroup3" inherits="CT_RAGroupTemplate" parent="UIParent" id="3" hidden="true"/>
			<Frame name="CT_RAGroup4" inherits="CT_RAGroupTemplate" parent="UIParent" id="4" hidden="true"/>
			<Frame name="CT_RAGroup5" inherits="CT_RAGroupTemplate" parent="UIParent" id="5" hidden="true"/>
			<Frame name="CT_RAGroup6" inherits="CT_RAGroupTemplate" parent="UIParent" id="6" hidden="true"/>
			<Frame name="CT_RAGroup7" inherits="CT_RAGroupTemplate" parent="UIParent" id="7" hidden="true"/>
			<Frame name="CT_RAGroup8" inherits="CT_RAGroupTemplate" parent="UIParent" id="8" hidden="true"/>
			<Frame name="CT_RAGroup9" inherits="CT_RAGroupTemplate" parent="UIParent" id="9" hidden="true"/>
			<Frame name="CT_RAGroup10" inherits="CT_RAGroupTemplate" parent="UIParent" id="10" hidden="true"/>
			<Frame name="CT_RAGroup11" inherits="CT_RAGroupTemplate" parent="UIParent" id="11" hidden="true"/>
			<Frame name="CT_RAGroup12" inherits="CT_RAGroupTemplate" parent="UIParent" id="12" hidden="true"/>
			<Frame name="CT_RAMTGroup" inherits="CT_RAGroupTemplate" parent="UIParent" id="21" hidden="true"/>
			<Frame name="CT_RAMTTGroup" inherits="CT_RAGroupTemplate" parent="UIParent" id="22" hidden="true"/>
			<Frame name="CT_RAPTGroup" inherits="CT_RAGroupTemplate" parent="UIParent" id="23" hidden="true"/>
			<Frame name="CT_RAPTTGroup" inherits="CT_RAGroupTemplate" parent="UIParent" id="24" hidden="true"/>
			<Frame name="CT_RAGroupDrag1" inherits="CT_RAGroupDragTemplate" id="1" parent="UIParent" hidden="false">
				<Anchors>
					<Anchor point="TOPLEFT">
						<Offset>
							<AbsDimension x="950" y="-135"/>
						</Offset>
					</Anchor>
				</Anchors>
				<Scripts>
					<OnLoad>
						CT_RA_LinkDrag(CT_RAGroup1, self, "TOP", "TOP", 0, -14);
					</OnLoad>
				</Scripts>
			</Frame>
			<Frame name="CT_RAGroupDrag2" inherits="CT_RAGroupDragTemplate" id="2" parent="UIParent" hidden="false">
				<Anchors>
					<Anchor point="TOPLEFT" relativePoint="TOPLEFT">
						<Offset>
							<AbsDimension x="950" y="-375"/>
						</Offset>
					</Anchor>
				</Anchors>
				<Scripts>
					<OnLoad>
						CT_RA_LinkDrag(CT_RAGroup2, self, "TOP", "TOP", 0, -14);
					</OnLoad>
				</Scripts>
			</Frame>
			<Frame name="CT_RAGroupDrag3" inherits="CT_RAGroupDragTemplate" id="3" parent="UIParent" hidden="false">
				<Anchors>
					<Anchor point="TOPLEFT" relativePoint="TOPLEFT">
						<Offset>
							<AbsDimension x="855" y="-135"/>
						</Offset>
					</Anchor>
				</Anchors>
				<Scripts>
					<OnLoad>
						CT_RA_LinkDrag(CT_RAGroup3, self, "TOP", "TOP", 0, -14);
					</OnLoad>
				</Scripts>
			</Frame>
			<Frame name="CT_RAGroupDrag4" inherits="CT_RAGroupDragTemplate" id="4" parent="UIParent" hidden="false">
				<Anchors>
					<Anchor point="TOPLEFT" relativePoint="TOPLEFT">
						<Offset>
							<AbsDimension x="855" y="-375"/>
						</Offset>
					</Anchor>
				</Anchors>
				<Scripts>
					<OnLoad>
						CT_RA_LinkDrag(CT_RAGroup4, self, "TOP", "TOP", 0, -14);
					</OnLoad>
				</Scripts>
			</Frame>
			<Frame name="CT_RAGroupDrag5" inherits="CT_RAGroupDragTemplate" id="5" parent="UIParent" hidden="false">
				<Anchors>
					<Anchor point="TOPLEFT" relativePoint="TOPLEFT">
						<Offset>
							<AbsDimension x="760" y="-135"/>
						</Offset>
					</Anchor>
				</Anchors>
				<Scripts>
					<OnLoad>
						CT_RA_LinkDrag(CT_RAGroup5, self, "TOP", "TOP", 0, -14);
					</OnLoad>
				</Scripts>
			</Frame>
			<Frame name="CT_RAGroupDrag6" inherits="CT_RAGroupDragTemplate" id="6" parent="UIParent" hidden="false">
				<Anchors>
					<Anchor point="TOPLEFT" relativePoint="TOPLEFT">
						<Offset>
							<AbsDimension x="760" y="-375"/>
						</Offset>
					</Anchor>
				</Anchors>
				<Scripts>
					<OnLoad>
						CT_RA_LinkDrag(CT_RAGroup6, self, "TOP", "TOP", 0, -14);
					</OnLoad>
				</Scripts>
			</Frame>
			<Frame name="CT_RAGroupDrag7" inherits="CT_RAGroupDragTemplate" id="7" parent="UIParent" hidden="false">
				<Anchors>
					<Anchor point="TOPLEFT" relativePoint="TOPLEFT">
						<Offset>
							<AbsDimension x="665" y="-135"/>
						</Offset>
					</Anchor>
				</Anchors>
				<Scripts>
					<OnLoad>
						CT_RA_LinkDrag(CT_RAGroup7, self, "TOP", "TOP", 0, -14);
					</OnLoad>
				</Scripts>
			</Frame>
			<Frame name="CT_RAGroupDrag8" inherits="CT_RAGroupDragTemplate" id="8" parent="UIParent" hidden="false">
				<Anchors>
					<Anchor point="TOPLEFT" relativePoint="TOPLEFT">
						<Offset>
							<AbsDimension x="665" y="-375"/>
						</Offset>
					</Anchor>
				</Anchors>
				<Scripts>
					<OnLoad>
						CT_RA_LinkDrag(CT_RAGroup8, self, "TOP", "TOP", 0, -14);
					</OnLoad>
				</Scripts>
			</Frame>
			<Frame name="CT_RAGroupDrag9" inherits="CT_RAGroupDragTemplate" id="9" parent="UIParent" hidden="false">
				<Anchors>
					<Anchor point="TOPLEFT" relativePoint="TOPLEFT">
						<Offset>
							<AbsDimension x="570" y="-135"/>
						</Offset>
					</Anchor>
				</Anchors>
				<Scripts>
					<OnLoad>
						CT_RA_LinkDrag(CT_RAGroup9, self, "TOP", "TOP", 0, -14);
					</OnLoad>
				</Scripts>
			</Frame>
			<Frame name="CT_RAGroupDrag10" inherits="CT_RAGroupDragTemplate" id="10" parent="UIParent" hidden="false">
				<Anchors>
					<Anchor point="TOPLEFT" relativePoint="TOPLEFT">
						<Offset>
							<AbsDimension x="570" y="-375"/>
						</Offset>
					</Anchor>
				</Anchors>
				<Scripts>
					<OnLoad>
						CT_RA_LinkDrag(CT_RAGroup10, self, "TOP", "TOP", 0, -14);
					</OnLoad>
				</Scripts>
			</Frame>
			<Frame name="CT_RAGroupDrag11" inherits="CT_RAGroupDragTemplate" id="11" parent="UIParent" hidden="false">
				<Anchors>
					<Anchor point="TOPLEFT" relativePoint="TOPLEFT">
						<Offset>
							<AbsDimension x="475" y="-135"/>
						</Offset>
					</Anchor>
				</Anchors>
				<Scripts>
					<OnLoad>
						CT_RA_LinkDrag(CT_RAGroup11, self, "TOP", "TOP", 0, -14);
					</OnLoad>
				</Scripts>
			</Frame>
			<Frame name="CT_RAGroupDrag12" inherits="CT_RAGroupDragTemplate" id="12" parent="UIParent" hidden="false">
				<Anchors>
					<Anchor point="TOPLEFT" relativePoint="TOPLEFT">
						<Offset>
							<AbsDimension x="475" y="-375"/>
						</Offset>
					</Anchor>
				</Anchors>
				<Scripts>
					<OnLoad>
						CT_RA_LinkDrag(CT_RAGroup12, self, "TOP", "TOP", 0, -14);
					</OnLoad>
				</Scripts>
			</Frame>
			<Frame name="CT_RAMTGroupDrag" inherits="CT_RAGroupDragTemplate" id="21" parent="UIParent" hidden="false">
				<Anchors>
					<Anchor point="TOPLEFT" relativePoint="TOPLEFT">
						<Offset>
							<AbsDimension x="380" y="-135"/>
						</Offset>
					</Anchor>
				</Anchors>
				<Scripts>
					<OnLoad>
						CT_RA_LinkDrag(CT_RAMTGroup, self, "TOP", "TOP", 0, -14);
					</OnLoad>
				</Scripts>
			</Frame>
			<Frame name="CT_RAPTGroupDrag" inherits="CT_RAGroupDragTemplate" id="22" parent="UIParent" hidden="false">
				<Anchors>
					<Anchor point="TOPLEFT" relativePoint="TOPLEFT">
						<Offset>
							<AbsDimension x="380" y="-375"/>
						</Offset>
					</Anchor>
				</Anchors>
				<Scripts>
					<OnLoad>
						CT_RA_LinkDrag(CT_RAPTGroup, self, "TOP", "TOP", 0, -14);
					</OnLoad>
				</Scripts>
			</Frame>
		</Frames>
		<Scripts>
			<OnLoad>
				self:RegisterEvent("UNIT_HEALTH");
				self:RegisterEvent("UNIT_MAXHEALTH");
				self:RegisterEvent("UNIT_POWER_UPDATE");
				self:RegisterEvent("UNIT_MAXPOWER");
				self:RegisterEvent("UNIT_AURA");

				self:RegisterEvent("PLAYER_TARGET_CHANGED");
				self:RegisterEvent("PLAYER_ENTERING_WORLD");
				self:RegisterEvent("PLAYER_LEAVING_WORLD");
				self:RegisterEvent("PLAYER_DEAD");
				self:RegisterEvent("PLAYER_ALIVE");

				self:RegisterEvent("PLAYER_LOGIN");

				self:RegisterEvent("RAID_TARGET_UPDATE");
				self:RegisterEvent("GROUP_ROSTER_UPDATE");
				self:RegisterEvent("VARIABLES_LOADED");
				self:RegisterEvent("UNIT_NAME_UPDATE");

				self:RegisterEvent("UNIT_SPELLCAST_SUCCEEDED");
				self:RegisterEvent("UPDATE_BINDINGS");
				CT_RA_UpdateRaidGroup(3);
			</OnLoad>
			<OnEvent>
				CT_RA_OnEvent(self, event, ...);
			</OnEvent>
		</Scripts>
	</Frame>
	<MessageFrame name="CT_RAMessageFrame" insertMode="TOP" parent="UIParent" frameStrata="HIGH" toplevel="true">
		<Size>
			<AbsDimension x="728" y="100"/>
		</Size>
		<Anchors>
			<Anchor point="CENTER">
				<Offset>
					<AbsDimension x="0" y="175"/>
				</Offset>
			</Anchor>
		</Anchors>
		<FontString inherits="ErrorFont" justifyH="CENTER"/>
	</MessageFrame>
	<MessageFrame name="CT_RA_WarningFrame" insertMode="BOTTOM" parent="UIParent" frameStrata="HIGH" toplevel="true">
		<Size>
			<AbsDimension x="728" y="200"/>
		</Size>
		<Anchors>
			<Anchor point="CENTER"/>
		</Anchors>
		<FontString inherits="ErrorFont" justifyH="CENTER"/>
	</MessageFrame>
	<GameTooltip name="CT_RATooltip" inherits="GameTooltipTemplate">
		<Scripts>
			<OnLoad>
				self:SetOwner(WorldFrame, "ANCHOR_NONE");
			</OnLoad>
		</Scripts>
	</GameTooltip>
	<GameTooltip name="CT_RADurationTooltip" inherits="GameTooltipTemplate">
		<Scripts>
			<OnLoad>
				self:SetOwner(WorldFrame, "ANCHOR_NONE");
			</OnLoad>
		</Scripts>
	</GameTooltip>
	<Frame name="CT_RA_UpdateFrame" parent="UIParent" hidden="false">
		<Scripts>
			<OnUpdate>
				CT_RA_UpdateFrame_OnUpdate(self, elapsed);
			</OnUpdate>
			<OnLoad>
				self:RegisterEvent("GROUP_ROSTER_UPDATE"); -- "PARTY_MEMBERS_CHANGED"
				self:RegisterEvent("SPELLS_CHANGED");
				self:RegisterEvent("PLAYER_TALENT_UPDATE");
				self:RegisterEvent("CHAT_MSG_SYSTEM");
				CT_RA_GetClassSpells();
				CT_RA_GetClassTalents();
				self.update = 0;
				self.updateMT = 0.5;
				self.time = 6;
				self.updateAFK = 0;
				self.mouseOverUpdate = 0;
			</OnLoad>
			<OnEvent>
				CT_RA_UpdateFrame_OnEvent(self, event, ...);
				CT_RA_ClassSpells_OnEvent(self, event, ...);
			</OnEvent>
		</Scripts>
	</Frame>
	<Frame name="CT_RA_ParseFrame" parent="UIParent" hidden="false">
		<Scripts>
			<OnLoad>
				self:RegisterEvent("CHAT_MSG_RAID");
				self:RegisterEvent("CHAT_MSG_RAID_LEADER");
				self:RegisterEvent("CHAT_MSG_WHISPER");
				self:RegisterEvent("CHAT_MSG_WHISPER_INFORM");
				self:RegisterEvent("CHAT_MSG_SYSTEM");
				self:RegisterEvent("CHAT_MSG_PARTY");
				self:RegisterEvent("CHAT_MSG_ADDON");
				self.elapsed = 1;
				self.numMessagesSent = 0;
				self.flush = 0;
			</OnLoad>
			<OnEvent>
				CT_RA_ParseEvent(self, event, ...);
			</OnEvent>
			<OnUpdate>
				CT_RA_ProcessMessages(self, elapsed);
			</OnUpdate>
		</Scripts>
	</Frame>

	<Frame name="CT_RA_EmergencyTemplate" virtual="true" hidden="true">
		<Size>
			<AbsDimension x="150" y="20"/>
		</Size>
		<Anchors>
			<Anchor point="TOP"/>
		</Anchors>
		<Layers>
			<Layer level="BACKGROUND">
				<FontString name="$parentName" justifyH="RIGHT" inherits="GameFontNormal">
					<Anchors>
						<Anchor point="RIGHT" relativePoint="LEFT">
							<Offset>
								<AbsDimension x="-5" y="2"/>
							</Offset>
						</Anchor>
					</Anchors>
				</FontString>
				<FontString name="$parentDeficit" justifyH="LEFT" inherits="ChatFontNormal">
					<Anchors>
						<Anchor point="LEFT" relativePoint="RIGHT">
							<Offset>
								<AbsDimension x="5" y="2"/>
							</Offset>
						</Anchor>
					</Anchors>
				</FontString>
				<Texture name="$parentHPBG" file="Interface\TargetingFrame\UI-StatusBar">
					<Size>
						<AbsDimension x="150" y="20"/>
					</Size>
					<Anchors>
						<Anchor point="TOPLEFT"/>
					</Anchors>
				</Texture>
			</Layer>
		</Layers>
		<Frames>
			<StatusBar name="$parentHPBar" inherits="TextStatusBar">
				<Size>
					<AbsDimension x="150" y="20"/>
				</Size>
				<Anchors>
					<Anchor point="TOPLEFT"/>
				</Anchors>
				<Scripts>
					<OnLoad>
						self:SetMinMaxValues(0, 100);
					</OnLoad>
				</Scripts>
				<BarTexture file="Interface\TargetingFrame\UI-StatusBar"/>
				<BarColor r="0" g="1" b="0"/>
			</StatusBar>
			<Frame name="$parentClick">
				<Size>
					<AbsDimension x="200" y="20"/>
				</Size>
				<Anchors>
					<Anchor point="TOPLEFT"/>
				</Anchors>
				<Frames>
					<Button name="$parentFrame">
						<Size>
							<AbsDimension x="200" y="20"/>
						</Size>
						<Anchors>
							<Anchor point="TOPLEFT"/>
						</Anchors>
						<Scripts>
							<OnLoad>
								self.update = 0.1;
							</OnLoad>
							<OnUpdate>
								CT_RA_Emergency_OnUpdate(self, elapsed);
							</OnUpdate>
						</Scripts>
					</Button>
				</Frames>
			</Frame>
		</Frames>
		<Scripts>
			<OnLoad>
				self.HPBar = CT_RA_Cache[self].HPBar;
				self.HPBG = CT_RA_Cache[self].HPBG;
				self.Name = CT_RA_Cache[self].Name;
				self.Deficit = CT_RA_Cache[self].Deficit;
				self.Click = CT_RA_Cache[self].Click;
				self.ClickFrame = CT_RA_Cache[self.Click].Frame;
				self.HPBG:SetVertexColor(0, 1, 0, 0.2);
			</OnLoad>
		</Scripts>
	</Frame>
	<Frame name="CT_RA_EmergencyFrame" parent="UIParent" hidden="true">
		<Size>
			<AbsDimension x="300" y="170"/>
		</Size>
		<Anchors>
			<Anchor point="CENTER"/>
		</Anchors>
		<Backdrop bgFile="Interface\Tooltips\UI-Tooltip-Background" edgeFile="Interface\Tooltips\UI-Tooltip-Border" setAllPoints="true" tile="true">
			<EdgeSize>
				<AbsValue val="16"/>
			</EdgeSize>
			<TileSize>
				<AbsValue val="16"/>
			</TileSize>
			<BackgroundInsets>
				<AbsInset left="5" right="5" top="5" bottom="5"/>
			</BackgroundInsets>
		</Backdrop>
		<Layers>
			<Layer level="BACKGROUND">
				<FontString name="$parentTitle" inherits="GameFontNormalSmall" hidden="true" text="Emergency Monitor">
					<Anchors>
						<Anchor point="TOP" relativePoint="TOP">
							<Offset>
								<AbsDimension x="0" y="-7"/>
							</Offset>
						</Anchor>
					</Anchors>
				</FontString>
			</Layer>
		</Layers>
		<Frames>
			<Frame name="$parentDropDown" inherits="L_UIDropDownMenuTemplate" id="1" hidden="true">
				<Size>
					<AbsDimension x="125" y="15"/>
				</Size>
				<Anchors>
					<Anchor point="TOP">
						<Offset>
							<AbsDimension x="70" y="10"/>
						</Offset>
					</Anchor>
				</Anchors>
				<Scripts>
					<OnLoad>
						CT_RA_Emergency_DropDown_OnLoad(self);
					</OnLoad>
				</Scripts>
			</Frame>
			<Frame name="$parentFrame1" inherits="CT_RA_EmergencyTemplate" id="1">
				<Anchors>
					<Anchor point="TOP">
						<Offset>
							<AbsDimension x="0" y="-25"/>
						</Offset>
					</Anchor>
				</Anchors>
			</Frame>
			<Frame name="$parentFrame2" inherits="CT_RA_EmergencyTemplate" id="2">
				<Anchors>
					<Anchor point="TOPLEFT" relativePoint="BOTTOMLEFT" relativeTo="$parentFrame1">
						<Offset>
							<AbsDimension x="0" y="-10"/>
						</Offset>
					</Anchor>
				</Anchors>
			</Frame>
			<Frame name="$parentFrame3" inherits="CT_RA_EmergencyTemplate" id="3">
				<Anchors>
					<Anchor point="TOPLEFT" relativePoint="BOTTOMLEFT" relativeTo="$parentFrame2">
						<Offset>
							<AbsDimension x="0" y="-10"/>
						</Offset>
					</Anchor>
				</Anchors>
			</Frame>
			<Frame name="$parentFrame4" inherits="CT_RA_EmergencyTemplate" id="4">
				<Anchors>
					<Anchor point="TOPLEFT" relativePoint="BOTTOMLEFT" relativeTo="$parentFrame3">
						<Offset>
							<AbsDimension x="0" y="-10"/>
						</Offset>
					</Anchor>
				</Anchors>
			</Frame>
			<Frame name="$parentFrame5" inherits="CT_RA_EmergencyTemplate" id="5">
				<Anchors>
					<Anchor point="TOPLEFT" relativePoint="BOTTOMLEFT" relativeTo="$parentFrame4">
						<Offset>
							<AbsDimension x="0" y="-10"/>
						</Offset>
					</Anchor>
				</Anchors>
			</Frame>
		</Frames>
		<Scripts>
			<OnLoad>
				self.frame1 = CT_RA_Cache[self].Frame1;
				self.frame2 = CT_RA_Cache[self].Frame2;
				self.frame3 = CT_RA_Cache[self].Frame3;
				self.frame4 = CT_RA_Cache[self].Frame4;
				self.frame5 = CT_RA_Cache[self].Frame5;
				self:SetBackdropColor(0, 0, 0, 0.33);
				self:SetBackdropBorderColor(1, 1, 1, 0);
			</OnLoad>
		</Scripts>
	</Frame>
	<Frame name="CT_RA_EmergencyFrameDrag" movable="true" parent="UIParent" hidden="true">
		<Size>
			<AbsDimension x="200" y="22"/>
		</Size>
		<Anchors>
			<Anchor point="CENTER"/>
		</Anchors>
		<Scripts>
			<OnMouseDown>
				if ( button == "LeftButton" and not CT_RAMenu_Options["temp"]["LockEmergency"] ) then
					self:StartMoving();
				elseif ( button == "RightButton" and CT_RA_EmergencyFrameTitle:IsVisible() ) then
					CT_RA_Emergency_ToggleDropDown(self);
				end
			</OnMouseDown>
			<OnMouseUp>
				if ( button == "LeftButton" ) then
					self:StopMovingOrSizing();
					CT_RAMenu_SaveWindowPositions();
				end
			</OnMouseUp>
			<OnEnter>
				CT_RAMenuHelp_SetTooltip(self);
				if ( not CT_RAMenu_Options["temp"]["LockEmergency"] ) then
					GameTooltip:SetText("Left-click to drag\nRight-click to open menu");
				else
					GameTooltip:SetText("Right-click to open menu");
				end
			</OnEnter>
			<OnLeave>
				GameTooltip:Hide();
			</OnLeave>
			<OnLoad>
				CT_RA_LinkDrag(CT_RA_EmergencyFrame, self, "TOP", "TOP", 0, 2);
			</OnLoad>
		</Scripts>
	</Frame>
	<Frame name="CT_RA_ResFrame" parent="UIParent" movable="true" hidden="true">
		<Size>
			<AbsDimension x="175" y="50"/>
		</Size>
		<Anchors>
			<Anchor point="CENTER">
				<Offset>
					<AbsDimension x="0" y="0"/>
				</Offset>
			</Anchor>
		</Anchors>
		<Layers>
			<Layer level="BACKGROUND">
				<FontString name="$parentTitle" inherits="GameFontNormalSmall" hidden="false" text="Resurrection Monitor">
					<Anchors>
						<Anchor point="TOP">
							<Offset>
								<AbsDimension x="0" y="-5"/>
							</Offset>
						</Anchor>
					</Anchors>
				</FontString>
				<FontString name="$parentText" justifyH="LEFT" inherits="GameFontNormalSmall" hidden="false">
					<Anchors>
						<Anchor point="TOPLEFT">
							<Offset>
								<AbsDimension x="7" y="-20"/>
							</Offset>
						</Anchor>
					</Anchors>
					<Color r="1" g="1" b="1"/>
				</FontString>
			</Layer>
		</Layers>
		<Backdrop bgFile="Interface\Tooltips\UI-Tooltip-Background" edgeFile="Interface\Tooltips\UI-Tooltip-Border" setAllPoints="true" tile="true">
			<EdgeSize>
				<AbsValue val="16"/>
			</EdgeSize>
			<TileSize>
				<AbsValue val="16"/>
			</TileSize>
			<BackgroundInsets>
				<AbsInset left="5" right="5" top="5" bottom="5"/>
			</BackgroundInsets>
		</Backdrop>
		<Frames>
			<Frame name="$parentDropDown" inherits="L_UIDropDownMenuTemplate" id="1" hidden="true">
				<Size>
					<AbsDimension x="10" y="10"/>
				</Size>
				<Anchors>
					<Anchor point="TOP">
						<Offset>
							<AbsDimension x="70" y="10"/>
						</Offset>
					</Anchor>
				</Anchors>
				<Scripts>
					<OnLoad>
						CT_RA_ResFrame_OnLoad(self);
					</OnLoad>
				</Scripts>
			</Frame>
		</Frames>
		<Scripts>
			<OnLoad>
				self:SetBackdropColor(0, 0, 0, 0.5);
			</OnLoad>
			<OnMouseDown>
				if ( button == "LeftButton" and not CT_RAMenu_Options["temp"]["LockMonitor"] ) then
					self:StartMoving();
				elseif ( button == "RightButton" ) then
					ToggleDropDownMenu(1, nil, _G[self:GetName() .. "DropDown"], self:GetName(), 47, 15);
				end
			</OnMouseDown>
			<OnMouseUp>
				if ( button == "LeftButton" ) then
					self:StopMovingOrSizing();
				end
			</OnMouseUp>
			<OnHide>
				self:StopMovingOrSizing();
			</OnHide>
		</Scripts>
	</Frame>
	<Frame name="CT_RA_ReadyFrame" toplevel="true" frameStrata="DIALOG" movable="true" enableMouse="true" hidden="true" parent="UIParent">
		<Size>
			<AbsDimension x="325" y="125"/>
		</Size>
		<Anchors>
			<Anchor point="CENTER" relativeTo="UIParent"/>
		</Anchors>
		<Backdrop bgFile="Interface\DialogFrame\UI-DialogBox-Background" edgeFile="Interface\DialogFrame\UI-DialogBox-Border" tile="true">
			<BackgroundInsets>
				<AbsInset left="11" right="12" top="12" bottom="11"/>
			</BackgroundInsets>
			<TileSize>
				<AbsValue val="32"/>
			</TileSize>
			<EdgeSize>
				<AbsValue val="32"/>
			</EdgeSize>
		</Backdrop>
		<Layers>
			<Layer level="ARTWORK">
				<Texture name="$parentHeaderTexture" file="Interface\DialogFrame\UI-DialogBox-Header">
					<Size>
						<AbsDimension x="256" y="64"/>
					</Size>
					<Anchors>
						<Anchor point="TOP">
							<Offset>
								<AbsDimension x="0" y="12"/>
							</Offset>
						</Anchor>
					</Anchors>
				</Texture>
				<FontString name="$parentHeaderText" inherits="GameFontNormal" text="Are you ready?">
					<Anchors>
						<Anchor point="TOP" relativeTo="$parentHeaderTexture">
							<Offset>
								<AbsDimension x="0" y="-14"/>
							</Offset>
						</Anchor>
					</Anchors>
				</FontString>
				<FontString name="$parentInfo" justifyV="top" inherits="GameFontNormal">
					<Size>
						<AbsDimension x="350" y="32"/>
					</Size>
					<Anchors>
						<Anchor point="TOP">
							<Offset>
								<AbsDimension x="0" y="-30"/>
							</Offset>
						</Anchor>
					</Anchors>
				</FontString>
			</Layer>
		</Layers>
		<Frames>
			<Button name="$parentReadyButton" hidden="false" inherits="GameMenuButtonTemplate" text="Ready">
				<Size>
					<AbsDimension x="125" y="32"/>
				</Size>
				<Anchors>
					<Anchor point="RIGHT" relativePoint="CENTER">
						<Offset>
							<AbsDimension x="-10" y="-20"/>
						</Offset>
					</Anchor>
				</Anchors>
				<Scripts>
					<OnClick>
						CT_RA_SendReady();
						self:GetParent():Hide();
					</OnClick>
				</Scripts>
			</Button>
			<Button name="$parentNotReadyButton" hidden="false" inherits="GameMenuButtonTemplate" text="Not Ready">
				<Size>
					<AbsDimension x="125" y="32"/>
				</Size>
				<Anchors>
					<Anchor point="LEFT" relativePoint="CENTER">
						<Offset>
							<AbsDimension x="10" y="-20"/>
						</Offset>
					</Anchor>
				</Anchors>
				<Scripts>
					<OnClick>
						CT_RA_SendNotReady();
						self:GetParent():Hide();
					</OnClick>
				</Scripts>
			</Button>
		</Frames>
		<Scripts>
			<OnShow>
				PlaySound(1115);
				self.hide = 30;
				_G[self:GetName() .. "Info"]:SetText("'|c00FFFFFF" .. CT_RA_CheckReady_Person .. "|r' has requested a ready check.\nPress ready if you are ready.");
			</OnShow>
			<OnHide>
				self.hide = nil;
				PlaySound(1115);
			</OnHide>
			<OnUpdate>
				CT_RA_ReadyFrame_OnUpdate(self, elapsed);
			</OnUpdate>
		</Scripts>
	</Frame>
	<Frame name="CT_RA_VoteFrame" toplevel="true" frameStrata="DIALOG" movable="true" enableMouse="true" hidden="true" parent="UIParent">
		<Size>
			<AbsDimension x="325" y="125"/>
		</Size>
		<Anchors>
			<Anchor point="CENTER" relativeTo="UIParent"/>
		</Anchors>
		<Backdrop bgFile="Interface\DialogFrame\UI-DialogBox-Background" edgeFile="Interface\DialogFrame\UI-DialogBox-Border" tile="true">
			<BackgroundInsets>
				<AbsInset left="11" right="12" top="12" bottom="11"/>
			</BackgroundInsets>
			<TileSize>
				<AbsValue val="32"/>
			</TileSize>
			<EdgeSize>
				<AbsValue val="32"/>
			</EdgeSize>
		</Backdrop>
		<Layers>
			<Layer level="ARTWORK">
				<Texture name="$parentHeaderTexture" file="Interface\DialogFrame\UI-DialogBox-Header">
					<Size>
						<AbsDimension x="256" y="64"/>
					</Size>
					<Anchors>
						<Anchor point="TOP">
							<Offset>
								<AbsDimension x="0" y="12"/>
							</Offset>
						</Anchor>
					</Anchors>
				</Texture>
				<FontString name="$parentHeaderText" inherits="GameFontNormal" text="Vote">
					<Anchors>
						<Anchor point="TOP" relativeTo="$parentHeaderTexture">
							<Offset>
								<AbsDimension x="0" y="-14"/>
							</Offset>
						</Anchor>
					</Anchors>
				</FontString>
				<FontString name="$parentInfo" justifyV="top" inherits="GameFontNormal">
					<Size>
						<AbsDimension x="350" y="32"/>
					</Size>
					<Anchors>
						<Anchor point="TOP">
							<Offset>
								<AbsDimension x="0" y="-30"/>
							</Offset>
						</Anchor>
					</Anchors>
				</FontString>
			</Layer>
		</Layers>
		<Frames>
			<Button name="$parentYesButton" hidden="false" inherits="GameMenuButtonTemplate" text="Yes">
				<Size>
					<AbsDimension x="125" y="32"/>
				</Size>
				<Anchors>
					<Anchor point="RIGHT" relativePoint="CENTER">
						<Offset>
							<AbsDimension x="-10" y="-20"/>
						</Offset>
					</Anchor>
				</Anchors>
				<Scripts>
					<OnClick>
						CT_RA_SendYes();
						self:GetParent():Hide();
					</OnClick>
				</Scripts>
			</Button>
			<Button name="$parentNoButton" hidden="false" inherits="GameMenuButtonTemplate" text="No">
				<Size>
					<AbsDimension x="125" y="32"/>
				</Size>
				<Anchors>
					<Anchor point="LEFT" relativePoint="CENTER">
						<Offset>
							<AbsDimension x="10" y="-20"/>
						</Offset>
					</Anchor>
				</Anchors>
				<Scripts>
					<OnClick>
						CT_RA_SendNo();
						self:GetParent():Hide();
					</OnClick>
				</Scripts>
			</Button>
		</Frames>
		<Scripts>
			<OnShow>
				PlaySound(1115);
				self.hide = 30;
				_G[self:GetName() .. "Info"]:SetText(self.question);
			</OnShow>
			<OnHide>
				self.hide = nil;
				PlaySound(1115);
			</OnHide>
			<OnUpdate>
				CT_RA_ReadyFrame_OnUpdate(self, elapsed);
			</OnUpdate>
		</Scripts>
	</Frame>
	<Frame name="CT_RA_RlyFrame" toplevel="true" frameStrata="DIALOG" movable="true" enableMouse="true" hidden="true" parent="UIParent">
		<Size>
			<AbsDimension x="325" y="125"/>
		</Size>
		<Anchors>
			<Anchor point="CENTER" relativeTo="UIParent"/>
		</Anchors>
		<Backdrop bgFile="Interface\DialogFrame\UI-DialogBox-Background" edgeFile="Interface\DialogFrame\UI-DialogBox-Border" tile="true">
			<BackgroundInsets>
				<AbsInset left="11" right="12" top="12" bottom="11"/>
			</BackgroundInsets>
			<TileSize>
				<AbsValue val="32"/>
			</TileSize>
			<EdgeSize>
				<AbsValue val="32"/>
			</EdgeSize>
		</Backdrop>
		<Layers>
			<Layer level="ARTWORK">
				<FontString name="$parentInfo" justifyV="top" inherits="GameFontNormal">
					<Size>
						<AbsDimension x="350" y="32"/>
					</Size>
					<Anchors>
						<Anchor point="TOP">
							<Offset>
								<AbsDimension x="0" y="-30"/>
							</Offset>
						</Anchor>
					</Anchors>
				</FontString>
			</Layer>
		</Layers>
		<Frames>
			<Button name="$parentReadyButton" hidden="false" inherits="GameMenuButtonTemplate" text="YA RLY!">
				<Size>
					<AbsDimension x="125" y="32"/>
				</Size>
				<Anchors>
					<Anchor point="RIGHT" relativePoint="CENTER">
						<Offset>
							<AbsDimension x="-10" y="-20"/>
						</Offset>
					</Anchor>
				</Anchors>
				<Scripts>
					<OnClick>
						CT_RA_SendRly();
						self:GetParent():Hide();
					</OnClick>
				</Scripts>
			</Button>
			<Button name="$parentNotReadyButton" hidden="false" inherits="GameMenuButtonTemplate" text="NO WAI!">
				<Size>
					<AbsDimension x="125" y="32"/>
				</Size>
				<Anchors>
					<Anchor point="LEFT" relativePoint="CENTER">
						<Offset>
							<AbsDimension x="10" y="-20"/>
						</Offset>
					</Anchor>
				</Anchors>
				<Scripts>
					<OnClick>
						CT_RA_SendNoRly();
						self:GetParent():Hide();
					</OnClick>
				</Scripts>
			</Button>
		</Frames>
		<Scripts>
			<OnShow>
				PlaySound(1115);
				self.hide = 30;
				_G[self:GetName() .. "Info"]:SetText("O RLY?");
			</OnShow>
			<OnHide>
				self.hide = nil;
				PlaySound(1115);
			</OnHide>
			<OnUpdate>
				CT_RA_ReadyFrame_OnUpdate(self, elapsed);
			</OnUpdate>
		</Scripts>
	</Frame>
	<Button name="CT_RA_DurabilityTemplate" hidden="true" virtual="true">
		<Size>
			<AbsDimension x="260" y="20"/>
		</Size>
		<Layers>
			<Layer level="ARTWORK">
				<FontString name="$parentName" inherits="GameFontNormal">
					<Anchors>
						<Anchor point="LEFT"/>
					</Anchors>
				</FontString>
				<FontString name="$parentInfo" inherits="GameFontNormal">
					<Anchors>
						<Anchor point="RIGHT">
							<Offset>
								<AbsDimension x="-10" y="0"/>
							</Offset>
						</Anchor>
					</Anchors>
				</FontString>
				<FontString name="$parentResist1" hidden="true" justifyH="CENTER" justifyV="CENTER" inherits="GameFontNormalSmall">
					<Size>
						<AbsDimension x="28" y="20"/>
					</Size>
					<Anchors>
						<Anchor point="LEFT">
							<Offset>
								<AbsDimension x="127" y="0"/>
							</Offset>
						</Anchor>
					</Anchors>
					<Color r="1" g="0" b="0"/>
				</FontString>
				<FontString name="$parentResist2" hidden="true" justifyH="CENTER" justifyV="CENTER" inherits="GameFontNormalSmall">
					<Size>
						<AbsDimension x="28" y="20"/>
					</Size>
					<Anchors>
						<Anchor point="LEFT" relativePoint="RIGHT" relativeTo="$parentResist1"/>
					</Anchors>
					<Color r="0" g="1" b="0"/>
				</FontString>
				<FontString name="$parentResist3" hidden="true" justifyH="CENTER" justifyV="CENTER" inherits="GameFontNormalSmall">
					<Size>
						<AbsDimension x="28" y="20"/>
					</Size>
					<Anchors>
						<Anchor point="LEFT" relativePoint="RIGHT" relativeTo="$parentResist2"/>
					</Anchors>
					<Color r="0" g="0" b="1"/>
				</FontString>
				<FontString name="$parentResist4" hidden="true" justifyH="CENTER" justifyV="CENTER" inherits="GameFontNormalSmall">
					<Size>
						<AbsDimension x="28" y="20"/>
					</Size>
					<Anchors>
						<Anchor point="LEFT" relativePoint="RIGHT" relativeTo="$parentResist3"/>
					</Anchors>
					<Color r="0.7" g="0" b="1"/>
				</FontString>
				<FontString name="$parentResist5" hidden="true" justifyH="CENTER" justifyV="CENTER" inherits="GameFontNormalSmall">
					<Size>
						<AbsDimension x="28" y="20"/>
					</Size>
					<Anchors>
						<Anchor point="LEFT" relativePoint="RIGHT" relativeTo="$parentResist4"/>
					</Anchors>
					<Color r="0.7" g="0.7" b="0.7"/>
				</FontString>
			</Layer>
			<Layer level="BACKGROUND">
				<Texture name="$parentMO" hidden="true">
					<Anchors>
						<Anchor point="TOPLEFT"/>
						<Anchor point="BOTTOMRIGHT"/>
					</Anchors>
					<Color r="1" g="1" b="1" a="0.25"/>
				</Texture>
			</Layer>
		</Layers>
		<Scripts>
			<OnEnter>
				_G[self:GetName() .. "MO"]:Show();
			</OnEnter>
			<OnLeave>
				_G[self:GetName() .. "MO"]:Hide();
			</OnLeave>
		</Scripts>
	</Button>
	<Frame name="CT_RA_DurabilityFrame" movable="true" frameStrata="DIALOG" hidden="true" parent="UIParent">
		<Size>
			<AbsDimension x="300" y="485"/>
		</Size>
		<Anchors>
			<Anchor point="CENTER"/>
		</Anchors>
		<Backdrop bgFile="Interface\DialogFrame\UI-DialogBox-Background" edgeFile="Interface\DialogFrame\UI-DialogBox-Border" tile="true">
			<BackgroundInsets>
				<AbsInset left="11" right="12" top="12" bottom="11"/>
			</BackgroundInsets>
			<TileSize>
				<AbsValue val="32"/>
			</TileSize>
			<EdgeSize>
				<AbsValue val="32"/>
			</EdgeSize>
		</Backdrop>
		<Layers>
			<Layer level="ARTWORK">
				<Texture name="$parentHeaderTexture" file="Interface\DialogFrame\UI-DialogBox-Header">
					<Size>
						<AbsDimension x="300" y="64"/>
					</Size>
					<Anchors>
						<Anchor point="TOP">
							<Offset>
								<AbsDimension x="0" y="12"/>
							</Offset>
						</Anchor>
					</Anchors>
				</Texture>
				<FontString name="$parentTitle" inherits="GameFontNormal" text="Durability Check">
					<Anchors>
						<Anchor point="TOP" relativeTo="$parentHeaderTexture">
							<Offset>
								<AbsDimension x="0" y="-14"/>
							</Offset>
						</Anchor>
					</Anchors>
				</FontString>
			</Layer>
		</Layers>
		<Frames>
			<Frame name="$parentDrag">
				<Size>
					<AbsDimension x="150" y="32"/>
				</Size>
				<Anchors>
					<Anchor point="TOP">
						<Offset>
							<AbsDimension x="-12" y="12"/>
						</Offset>
					</Anchor>
				</Anchors>
				<Scripts>
					<OnMouseDown>
						if ( button == "LeftButton" ) then
							self:GetParent():StartMoving();
						elseif ( button == "RightButton" ) then
							self:GetParent():ClearAllPoints();
							self:GetParent():SetPoint("CENTER", "UIParent", "CENTER");
						end
					</OnMouseDown>
					<OnMouseUp>
						self:GetParent():StopMovingOrSizing();
					</OnMouseUp>
					<OnEnter>
						GameTooltip:SetOwner(self, "ANCHOR_RIGHT");
						GameTooltip:SetText("Left-click to drag\nRight-click to reset");
					</OnEnter>
					<OnLeave>
						GameTooltip:Hide();
					</OnLeave>
				</Scripts>
			</Frame>
			<Button name="$parentNameTab">
				<Anchors>
					<Anchor point="TOPLEFT">
						<Offset>
							<AbsDimension x="12" y="-26"/>
						</Offset>
					</Anchor>
				</Anchors>
				<Size>
					<AbsDimension x="135" y="24"/>
				</Size>
				<Scripts>
					<OnClick>
						CT_RADurability_Sort(3);
						PlaySound(856);
					</OnClick>
				</Scripts>
				<Layers>
					<Layer level="BACKGROUND">
						<Texture name="$parentBackground">
							<Anchors>
								<Anchor point="TOPLEFT"/>
								<Anchor point="BOTTOMRIGHT"/>
							</Anchors>
							<Color r="1" g="1" b="1" a="1"/>
						</Texture>
					</Layer>
				</Layers>
				<ButtonText text="Player Name">
					<Anchors>
						<Anchor point="LEFT">
							<Offset>
								<AbsDimension x="8" y="0"/>
							</Offset>
						</Anchor>
					</Anchors>
				</ButtonText>
				<NormalFont style="GameFontHighlightSmall"/>
				<Scripts>
					<OnLoad>
						_G[self:GetName() .. "Background"]:SetVertexColor(0, 0, 0, 0.5);
					</OnLoad>
					<OnEnter>
						_G[self:GetName() .. "Background"]:SetVertexColor(0.5, 0.5, 0.5, 0.5);
					</OnEnter>
					<OnLeave>
						_G[self:GetName() .. "Background"]:SetVertexColor(0, 0, 0, 0.5);
					</OnLeave>
				</Scripts>
			</Button>
			<Button name="$parentValueTab">
				<Anchors>
					<Anchor point="LEFT" relativePoint="RIGHT" relativeTo="$parentNameTab"/>
				</Anchors>
				<Size>
					<AbsDimension x="141" y="24"/>
				</Size>
				<Scripts>
					<OnClick>
						CT_RADurability_Sort(4);
						PlaySound(856);
					</OnClick>
				</Scripts>
				<Layers>
					<Layer level="BACKGROUND">
						<Texture name="$parentBackground">
							<Anchors>
								<Anchor point="TOPLEFT"/>
								<Anchor point="BOTTOMRIGHT"/>
							</Anchors>
							<Color r="1" g="1" b="1" a="1"/>
						</Texture>
					</Layer>
				</Layers>
				<ButtonText>
					<Anchors>
						<Anchor point="LEFT">
							<Offset>
								<AbsDimension x="8" y="0"/>
							</Offset>
						</Anchor>
					</Anchors>
				</ButtonText>
				<NormalFont style="GameFontHighlightSmall"/>
				<Scripts>
					<OnLoad>
						_G[self:GetName() .. "Background"]:SetVertexColor(0, 0, 0, 0.5);
					</OnLoad>
					<OnEnter>
						_G[self:GetName() .. "Background"]:SetVertexColor(0.5, 0.5, 0.5, 0.5);
					</OnEnter>
					<OnLeave>
						_G[self:GetName() .. "Background"]:SetVertexColor(0, 0, 0, 0.5);
					</OnLeave>
				</Scripts>
			</Button>
			<Button name="$parentResistTab1" text="FR" hidden="true">
				<Anchors>
					<Anchor point="LEFT" relativePoint="RIGHT" relativeTo="$parentNameTab"/>
				</Anchors>
				<Size>
					<AbsDimension x="28" y="24"/>
				</Size>
				<Scripts>
					<OnClick>
						CT_RADurability_Sort(4);
						PlaySound(856);
					</OnClick>
				</Scripts>
				<Layers>
					<Layer level="BACKGROUND">
						<Texture name="$parentBackground">
							<Anchors>
								<Anchor point="TOPLEFT"/>
								<Anchor point="BOTTOMRIGHT"/>
							</Anchors>
							<Color r="1" g="1" b="1" a="1"/>
						</Texture>
					</Layer>
				</Layers>
				<ButtonText>
					<Anchors>
						<Anchor point="CENTER"/>
					</Anchors>
					<Color r="1" g="0" b="0"/>
				</ButtonText>
				<NormalFont style="GameFontHighlightSmall"/>
				<Scripts>
					<OnLoad>
						_G[self:GetName() .. "Background"]:SetVertexColor(0, 0, 0, 0.5);
					</OnLoad>
					<OnEnter>
						_G[self:GetName() .. "Background"]:SetVertexColor(0.5, 0.5, 0.5, 0.5);
					</OnEnter>
					<OnLeave>
						_G[self:GetName() .. "Background"]:SetVertexColor(0, 0, 0, 0.5);
					</OnLeave>
				</Scripts>
			</Button>
			<Button name="$parentResistTab2" text="NR" hidden="true">
				<Anchors>
					<Anchor point="LEFT" relativePoint="RIGHT" relativeTo="$parentResistTab1"/>
				</Anchors>
				<Size>
					<AbsDimension x="28" y="24"/>
				</Size>
				<Scripts>
					<OnClick>
						CT_RADurability_Sort(5);
						PlaySound(856);
					</OnClick>
				</Scripts>
				<Layers>
					<Layer level="BACKGROUND">
						<Texture name="$parentBackground">
							<Anchors>
								<Anchor point="TOPLEFT"/>
								<Anchor point="BOTTOMRIGHT"/>
							</Anchors>
							<Color r="1" g="1" b="1" a="1"/>
						</Texture>
					</Layer>
				</Layers>
				<ButtonText>
					<Anchors>
						<Anchor point="CENTER"/>
					</Anchors>
					<Color r="0" g="1" b="0"/>
				</ButtonText>
				<NormalFont style="GameFontHighlightSmall"/>
				<Scripts>
					<OnLoad>
						_G[self:GetName() .. "Background"]:SetVertexColor(0, 0, 0, 0.5);
					</OnLoad>
					<OnEnter>
						_G[self:GetName() .. "Background"]:SetVertexColor(0.5, 0.5, 0.5, 0.5);
					</OnEnter>
					<OnLeave>
						_G[self:GetName() .. "Background"]:SetVertexColor(0, 0, 0, 0.5);
					</OnLeave>
				</Scripts>
			</Button>
			<Button name="$parentResistTab3" text="FR" hidden="true">
				<Anchors>
					<Anchor point="LEFT" relativePoint="RIGHT" relativeTo="$parentResistTab2"/>
				</Anchors>
				<Size>
					<AbsDimension x="28" y="24"/>
				</Size>
				<Scripts>
					<OnClick>
						CT_RADurability_Sort(6);
						PlaySound(856);
					</OnClick>
				</Scripts>
				<Layers>
					<Layer level="BACKGROUND">
						<Texture name="$parentBackground">
							<Anchors>
								<Anchor point="TOPLEFT"/>
								<Anchor point="BOTTOMRIGHT"/>
							</Anchors>
							<Color r="1" g="1" b="1" a="1"/>
						</Texture>
					</Layer>
				</Layers>
				<ButtonText>
					<Anchors>
						<Anchor point="CENTER"/>
					</Anchors>
					<Color r="0" g="0" b="1"/>
				</ButtonText>
				<NormalFont style="GameFontHighlightSmall"/>
				<Scripts>
					<OnLoad>
						_G[self:GetName() .. "Background"]:SetVertexColor(0, 0, 0, 0.5);
					</OnLoad>
					<OnEnter>
						_G[self:GetName() .. "Background"]:SetVertexColor(0.5, 0.5, 0.5, 0.5);
					</OnEnter>
					<OnLeave>
						_G[self:GetName() .. "Background"]:SetVertexColor(0, 0, 0, 0.5);
					</OnLeave>
				</Scripts>
			</Button>
			<Button name="$parentResistTab4" text="SR" hidden="true">
				<Anchors>
					<Anchor point="LEFT" relativePoint="RIGHT" relativeTo="$parentResistTab3"/>
				</Anchors>
				<Size>
					<AbsDimension x="28" y="24"/>
				</Size>
				<Scripts>
					<OnClick>
						CT_RADurability_Sort(7);
						PlaySound(856);
					</OnClick>
				</Scripts>
				<Layers>
					<Layer level="BACKGROUND">
						<Texture name="$parentBackground">
							<Anchors>
								<Anchor point="TOPLEFT"/>
								<Anchor point="BOTTOMRIGHT"/>
							</Anchors>
							<Color r="1" g="1" b="1" a="1"/>
						</Texture>
					</Layer>
				</Layers>
				<ButtonText>
					<Anchors>
						<Anchor point="CENTER"/>
					</Anchors>
					<Color r="1" g="0" b="1"/>
				</ButtonText>
				<NormalFont style="GameFontHighlightSmall"/>
				<Scripts>
					<OnLoad>
						_G[self:GetName() .. "Background"]:SetVertexColor(0, 0, 0, 0.5);
					</OnLoad>
					<OnEnter>
						_G[self:GetName() .. "Background"]:SetVertexColor(0.5, 0.5, 0.5, 0.5);
					</OnEnter>
					<OnLeave>
						_G[self:GetName() .. "Background"]:SetVertexColor(0, 0, 0, 0.5);
					</OnLeave>
				</Scripts>
			</Button>
			<Button name="$parentResistTab5" text="AR" hidden="true">
				<Anchors>
					<Anchor point="LEFT" relativePoint="RIGHT" relativeTo="$parentResistTab4"/>
				</Anchors>
				<Size>
					<AbsDimension x="28" y="24"/>
				</Size>
				<Scripts>
					<OnClick>
						CT_RADurability_Sort(8);
						PlaySound(856);
					</OnClick>
				</Scripts>
				<Layers>
					<Layer level="BACKGROUND">
						<Texture name="$parentBackground">
							<Anchors>
								<Anchor point="TOPLEFT"/>
								<Anchor point="BOTTOMRIGHT"/>
							</Anchors>
							<Color r="1" g="1" b="1" a="1"/>
						</Texture>
					</Layer>
				</Layers>
				<ButtonText>
					<Anchors>
						<Anchor point="CENTER"/>
					</Anchors>
					<Color r="0.7" g="0.7" b="0.7"/>
				</ButtonText>
				<NormalFont style="GameFontHighlightSmall"/>
				<Scripts>
					<OnLoad>
						_G[self:GetName() .. "Background"]:SetVertexColor(0, 0, 0, 0.5);
					</OnLoad>
					<OnEnter>
						_G[self:GetName() .. "Background"]:SetVertexColor(0.5, 0.5, 0.5, 0.5);
					</OnEnter>
					<OnLeave>
						_G[self:GetName() .. "Background"]:SetVertexColor(0, 0, 0, 0.5);
					</OnLeave>
				</Scripts>
			</Button>
			<Button name="$parentPlayer1" inherits="CT_RA_DurabilityTemplate">
				<Anchors>
					<Anchor point="TOPLEFT">
						<Offset>
							<AbsDimension x="20" y="-50"/>
						</Offset>
					</Anchor>
				</Anchors>
			</Button>
			<Button name="$parentPlayer2" inherits="CT_RA_DurabilityTemplate">
				<Anchors>
					<Anchor point="TOPLEFT" relativeTo="$parentPlayer1" relativePoint="BOTTOMLEFT"/>
				</Anchors>
			</Button>
			<Button name="$parentPlayer3" inherits="CT_RA_DurabilityTemplate">
				<Anchors>
					<Anchor point="TOPLEFT" relativeTo="$parentPlayer2" relativePoint="BOTTOMLEFT"/>
				</Anchors>
			</Button>
			<Button name="$parentPlayer4" inherits="CT_RA_DurabilityTemplate">
				<Anchors>
					<Anchor point="TOPLEFT" relativeTo="$parentPlayer3" relativePoint="BOTTOMLEFT"/>
				</Anchors>
			</Button>
			<Button name="$parentPlayer5" inherits="CT_RA_DurabilityTemplate">
				<Anchors>
					<Anchor point="TOPLEFT" relativeTo="$parentPlayer4" relativePoint="BOTTOMLEFT"/>
				</Anchors>
			</Button>
			<Button name="$parentPlayer6" inherits="CT_RA_DurabilityTemplate">
				<Anchors>
					<Anchor point="TOPLEFT" relativeTo="$parentPlayer5" relativePoint="BOTTOMLEFT"/>
				</Anchors>
			</Button>
			<Button name="$parentPlayer7" inherits="CT_RA_DurabilityTemplate">
				<Anchors>
					<Anchor point="TOPLEFT" relativeTo="$parentPlayer6" relativePoint="BOTTOMLEFT"/>
				</Anchors>
			</Button>
			<Button name="$parentPlayer8" inherits="CT_RA_DurabilityTemplate">
				<Anchors>
					<Anchor point="TOPLEFT" relativeTo="$parentPlayer7" relativePoint="BOTTOMLEFT"/>
				</Anchors>
			</Button>
			<Button name="$parentPlayer9" inherits="CT_RA_DurabilityTemplate">
				<Anchors>
					<Anchor point="TOPLEFT" relativeTo="$parentPlayer8" relativePoint="BOTTOMLEFT"/>
				</Anchors>
			</Button>
			<Button name="$parentPlayer10" inherits="CT_RA_DurabilityTemplate">
				<Anchors>
					<Anchor point="TOPLEFT" relativeTo="$parentPlayer9" relativePoint="BOTTOMLEFT"/>
				</Anchors>
			</Button>
			<Button name="$parentPlayer11" inherits="CT_RA_DurabilityTemplate">
				<Anchors>
					<Anchor point="TOPLEFT" relativeTo="$parentPlayer10" relativePoint="BOTTOMLEFT"/>
				</Anchors>
			</Button>
			<Button name="$parentPlayer12" inherits="CT_RA_DurabilityTemplate">
				<Anchors>
					<Anchor point="TOPLEFT" relativeTo="$parentPlayer11" relativePoint="BOTTOMLEFT"/>
				</Anchors>
			</Button>
			<Button name="$parentPlayer13" inherits="CT_RA_DurabilityTemplate">
				<Anchors>
					<Anchor point="TOPLEFT" relativeTo="$parentPlayer12" relativePoint="BOTTOMLEFT"/>
				</Anchors>
			</Button>
			<Button name="$parentPlayer14" inherits="CT_RA_DurabilityTemplate">
				<Anchors>
					<Anchor point="TOPLEFT" relativeTo="$parentPlayer13" relativePoint="BOTTOMLEFT"/>
				</Anchors>
			</Button>
			<Button name="$parentPlayer15" inherits="CT_RA_DurabilityTemplate">
				<Anchors>
					<Anchor point="TOPLEFT" relativeTo="$parentPlayer14" relativePoint="BOTTOMLEFT"/>
				</Anchors>
			</Button>
			<Button name="$parentPlayer16" inherits="CT_RA_DurabilityTemplate">
				<Anchors>
					<Anchor point="TOPLEFT" relativeTo="$parentPlayer15" relativePoint="BOTTOMLEFT"/>
				</Anchors>
			</Button>
			<Button name="$parentPlayer17" inherits="CT_RA_DurabilityTemplate">
				<Anchors>
					<Anchor point="TOPLEFT" relativeTo="$parentPlayer16" relativePoint="BOTTOMLEFT"/>
				</Anchors>
			</Button>
			<Button name="$parentPlayer18" inherits="CT_RA_DurabilityTemplate">
				<Anchors>
					<Anchor point="TOPLEFT" relativeTo="$parentPlayer17" relativePoint="BOTTOMLEFT"/>
				</Anchors>
			</Button>
			<Button name="$parentPlayer19" inherits="CT_RA_DurabilityTemplate">
				<Anchors>
					<Anchor point="TOPLEFT" relativeTo="$parentPlayer18" relativePoint="BOTTOMLEFT"/>
				</Anchors>
			</Button>
			<ScrollFrame name="$parentScrollFrame" inherits="FauxScrollFrameTemplate">
				<Size>
					<AbsDimension x="245" y="400"/>
				</Size>
				<Anchors>
					<Anchor point="TOPLEFT">
						<Offset>
							<AbsDimension x="19" y="-32"/>
						</Offset>
					</Anchor>
				</Anchors>
				<Scripts>
					<OnVerticalScroll>
						FauxScrollFrame_OnVerticalScroll(self, offset, 19, CT_RADurability_Update);
					</OnVerticalScroll>
				</Scripts>
			</ScrollFrame>
			<Button name="$parentCloseButton" hidden="false" inherits="GameMenuButtonTemplate" text="Close">
				<Size>
					<AbsDimension x="100" y="25"/>
				</Size>
				<Anchors>
					<Anchor point="BOTTOMLEFT" relativePoint="BOTTOM">
						<Offset>
							<AbsDimension x="10" y="15"/>
						</Offset>
					</Anchor>
				</Anchors>
				<Scripts>
					<OnClick>
						HideUIPanel(self:GetParent());
					</OnClick>
				</Scripts>
			</Button>
			<Button name="$parentRefreshButton" hidden="false" inherits="GameMenuButtonTemplate" text="Refresh">
				<Size>
					<AbsDimension x="100" y="25"/>
				</Size>
				<Anchors>
					<Anchor point="BOTTOMRIGHT" relativePoint="BOTTOM">
						<Offset>
							<AbsDimension x="-10" y="15"/>
						</Offset>
					</Anchor>
				</Anchors>
				<Scripts>
					<OnClick>
						SlashCmdList[self:GetParent().type](self:GetParent().arg);
					</OnClick>
				</Scripts>
			</Button>
		</Frames>
	</Frame>
</Ui>