<Bindings>
	<Binding name="CLICK CT_BarModActionButton1:LeftButton" header="CT_BarMod_Bar1" category="ADDONS"/>
	<Binding name="CLICK CT_BarModActionButton2:LeftButton" category="ADDONS"/>
	<Binding name="CLICK CT_BarModActionButton3:LeftButton" category="ADDONS"/>
	<Binding name="CLICK CT_BarModActionButton4:LeftButton" category="ADDONS"/>
	<Binding name="CLICK CT_BarModActionButton5:LeftButton" category="ADDONS"/>
	<Binding name="CLICK CT_BarModActionButton6:LeftButton" category="ADDONS"/>
	<Binding name="CLICK CT_BarModActionButton7:LeftButton" category="ADDONS"/>
	<Binding name="CLICK CT_BarModActionButton8:LeftButton" category="ADDONS"/>
	<Binding name="CLICK CT_BarModActionButton9:LeftButton" category="ADDONS"/>
	<Binding name="CLICK CT_BarModActionButton10:LeftButton" category="ADDONS"/>
	<Binding name="CLICK CT_BarModActionButton11:LeftButton" category="ADDONS"/>
	<Binding name="CLICK CT_BarModActionButton12:LeftButton" category="ADDONS"/>
	<Binding name="CLICK CT_BarModActionButton13:LeftButton" header="CT_BarMod_Bar2" category="ADDONS"/>
	<Binding name="CLICK CT_BarModActionButton14:LeftButton" category="ADDONS"/>
	<Binding name="CLICK CT_BarModActionButton15:LeftButton" category="ADDONS"/>
	<Binding name="CLICK CT_BarModActionButton16:LeftButton" category="ADDONS"/>
	<Binding name="CLICK CT_BarModActionButton17:LeftButton" category="ADDONS"/>
	<Binding name="CLICK CT_BarModActionButton18:LeftButton" category="ADDONS"/>
	<Binding name="CLICK CT_BarModActionButton19:LeftButton" category="ADDONS"/>
	<Binding name="CLICK CT_BarModActionButton20:LeftButton" category="ADDONS"/>
	<Binding name="CLICK CT_BarModActionButton21:LeftButton" category="ADDONS"/>
	<Binding name="CLICK CT_BarModActionButton22:LeftButton" category="ADDONS"/>
	<Binding name="CLICK CT_BarModActionButton23:LeftButton" category="ADDONS"/>
	<Binding name="CLICK CT_BarModActionButton24:LeftButton" category="ADDONS"/>
	<Binding name="CLICK CT_BarModActionButton25:LeftButton" header="CT_BarMod_Bar3" category="ADDONS"/>
	<Binding name="CLICK CT_BarModActionButton26:LeftButton" category="ADDONS"/>
	<Binding name="CLICK CT_BarModActionButton27:LeftButton" category="ADDONS"/>
	<Binding name="CLICK CT_BarModActionButton28:LeftButton" category="ADDONS"/>
	<Binding name="CLICK CT_BarModActionButton29:LeftButton" category="ADDONS"/>
	<Binding name="CLICK CT_BarModActionButton30:LeftButton" category="ADDONS"/>
	<Binding name="CLICK CT_BarModActionButton31:LeftButton" category="ADDONS"/>
	<Binding name="CLICK CT_BarModActionButton32:LeftButton" category="ADDONS"/>
	<Binding name="CLICK CT_BarModActionButton33:LeftButton" category="ADDONS"/>
	<Binding name="CLICK CT_BarModActionButton34:LeftButton" category="ADDONS"/>
	<Binding name="CLICK CT_BarModActionButton35:LeftButton" category="ADDONS"/>
	<Binding name="CLICK CT_BarModActionButton36:LeftButton" category="ADDONS"/>
	<Binding name="CLICK CT_BarModActionButton37:LeftButton" header="CT_BarMod_Bar4" category="ADDONS"/>
	<Binding name="CLICK CT_BarModActionButton38:LeftButton" category="ADDONS"/>
	<Binding name="CLICK CT_BarModActionButton39:LeftButton" category="ADDONS"/>
	<Binding name="CLICK CT_BarModActionButton40:LeftButton" category="ADDONS"/>
	<Binding name="CLICK CT_BarModActionButton41:LeftButton" category="ADDONS"/>
	<Binding name="CLICK CT_BarModActionButton42:LeftButton" category="ADDONS"/>
	<Binding name="CLICK CT_BarModActionButton43:LeftButton" category="ADDONS"/>
	<Binding name="CLICK CT_BarModActionButton44:LeftButton" category="ADDONS"/>
	<Binding name="CLICK CT_BarModActionButton45:LeftButton" category="ADDONS"/>
	<Binding name="CLICK CT_BarModActionButton46:LeftButton" category="ADDONS"/>
	<Binding name="CLICK CT_BarModActionButton47:LeftButton" category="ADDONS"/>
	<Binding name="CLICK CT_BarModActionButton48:LeftButton" category="ADDONS"/>
	<Binding name="CLICK CT_BarModActionButton49:LeftButton" header="CT_BarMod_Bar5" category="ADDONS"/>
	<Binding name="CLICK CT_BarModActionButton50:LeftButton" category="ADDONS"/>
	<Binding name="CLICK CT_BarModActionButton51:LeftButton" category="ADDONS"/>
	<Binding name="CLICK CT_BarModActionButton52:LeftButton" category="ADDONS"/>
	<Binding name="CLICK CT_BarModActionButton53:LeftButton" category="ADDONS"/>
	<Binding name="CLICK CT_BarModActionButton54:LeftButton" category="ADDONS"/>
	<Binding name="CLICK CT_BarModActionButton55:LeftButton" category="ADDONS"/>
	<Binding name="CLICK CT_BarModActionButton56:LeftButton" category="ADDONS"/>
	<Binding name="CLICK CT_BarModActionButton57:LeftButton" category="ADDONS"/>
	<Binding name="CLICK CT_BarModActionButton58:LeftButton" category="ADDONS"/>
	<Binding name="CLICK CT_BarModActionButton59:LeftButton" category="ADDONS"/>
	<Binding name="CLICK CT_BarModActionButton60:LeftButton" category="ADDONS"/>
	<Binding name="CLICK CT_BarModActionButton61:LeftButton" header="CT_BarMod_Bar6" category="ADDONS"/>
	<Binding name="CLICK CT_BarModActionButton62:LeftButton" category="ADDONS"/>
	<Binding name="CLICK CT_BarModActionButton63:LeftButton" category="ADDONS"/>
	<Binding name="CLICK CT_BarModActionButton64:LeftButton" category="ADDONS"/>
	<Binding name="CLICK CT_BarModActionButton65:LeftButton" category="ADDONS"/>
	<Binding name="CLICK CT_BarModActionButton66:LeftButton" category="ADDONS"/>
	<Binding name="CLICK CT_BarModActionButton67:LeftButton" category="ADDONS"/>
	<Binding name="CLICK CT_BarModActionButton68:LeftButton" category="ADDONS"/>
	<Binding name="CLICK CT_BarModActionButton69:LeftButton" category="ADDONS"/>
	<Binding name="CLICK CT_BarModActionButton70:LeftButton" category="ADDONS"/>
	<Binding name="CLICK CT_BarModActionButton71:LeftButton" category="ADDONS"/>
	<Binding name="CLICK CT_BarModActionButton72:LeftButton" category="ADDONS"/>
	<Binding name="CLICK CT_BarModActionButton73:LeftButton" header="CT_BarMod_Bar7" category="ADDONS"/>
	<Binding name="CLICK CT_BarModActionButton74:LeftButton" category="ADDONS"/>
	<Binding name="CLICK CT_BarModActionButton75:LeftButton" category="ADDONS"/>
	<Binding name="CLICK CT_BarModActionButton76:LeftButton" category="ADDONS"/>
	<Binding name="CLICK CT_BarModActionButton77:LeftButton" category="ADDONS"/>
	<Binding name="CLICK CT_BarModActionButton78:LeftButton" category="ADDONS"/>
	<Binding name="CLICK CT_BarModActionButton79:LeftButton" category="ADDONS"/>
	<Binding name="CLICK CT_BarModActionButton80:LeftButton" category="ADDONS"/>
	<Binding name="CLICK CT_BarModActionButton81:LeftButton" category="ADDONS"/>
	<Binding name="CLICK CT_BarModActionButton82:LeftButton" category="ADDONS"/>
	<Binding name="CLICK CT_BarModActionButton83:LeftButton" category="ADDONS"/>
	<Binding name="CLICK CT_BarModActionButton84:LeftButton" category="ADDONS"/>
	<Binding name="CLICK CT_BarModActionButton85:LeftButton" header="CT_BarMod_Bar8" category="ADDONS"/>
	<Binding name="CLICK CT_BarModActionButton86:LeftButton" category="ADDONS"/>
	<Binding name="CLICK CT_BarModActionButton87:LeftButton" category="ADDONS"/>
	<Binding name="CLICK CT_BarModActionButton88:LeftButton" category="ADDONS"/>
	<Binding name="CLICK CT_BarModActionButton89:LeftButton" category="ADDONS"/>
	<Binding name="CLICK CT_BarModActionButton90:LeftButton" category="ADDONS"/>
	<Binding name="CLICK CT_BarModActionButton91:LeftButton" category="ADDONS"/>
	<Binding name="CLICK CT_BarModActionButton92:LeftButton" category="ADDONS"/>
	<Binding name="CLICK CT_BarModActionButton93:LeftButton" category="ADDONS"/>
	<Binding name="CLICK CT_BarModActionButton94:LeftButton" category="ADDONS"/>
	<Binding name="CLICK CT_BarModActionButton95:LeftButton" category="ADDONS"/>
	<Binding name="CLICK CT_BarModActionButton96:LeftButton" category="ADDONS"/>
	<Binding name="CLICK CT_BarModActionButton97:LeftButton" header="CT_BarMod_Bar9" category="ADDONS"/>
	<Binding name="CLICK CT_BarModActionButton98:LeftButton" category="ADDONS"/>
	<Binding name="CLICK CT_BarModActionButton99:LeftButton" category="ADDONS"/>
	<Binding name="CLICK CT_BarModActionButton100:LeftButton" category="ADDONS"/>
	<Binding name="CLICK CT_BarModActionButton101:LeftButton" category="ADDONS"/>
	<Binding name="CLICK CT_BarModActionButton102:LeftButton" category="ADDONS"/>
	<Binding name="CLICK CT_BarModActionButton103:LeftButton" category="ADDONS"/>
	<Binding name="CLICK CT_BarModActionButton104:LeftButton" category="ADDONS"/>
	<Binding name="CLICK CT_BarModActionButton105:LeftButton" category="ADDONS"/>
	<Binding name="CLICK CT_BarModActionButton106:LeftButton" category="ADDONS"/>
	<Binding name="CLICK CT_BarModActionButton107:LeftButton" category="ADDONS"/>
	<Binding name="CLICK CT_BarModActionButton108:LeftButton" category="ADDONS"/>
	<Binding name="CLICK CT_BarModActionButton109:LeftButton" header="CT_BarMod_Bar10" category="ADDONS"/>
	<Binding name="CLICK CT_BarModActionButton110:LeftButton" category="ADDONS"/>
	<Binding name="CLICK CT_BarModActionButton111:LeftButton" category="ADDONS"/>
	<Binding name="CLICK CT_BarModActionButton112:LeftButton" category="ADDONS"/>
	<Binding name="CLICK CT_BarModActionButton113:LeftButton" category="ADDONS"/>
	<Binding name="CLICK CT_BarModActionButton114:LeftButton" category="ADDONS"/>
	<Binding name="CLICK CT_BarModActionButton115:LeftButton" category="ADDONS"/>
	<Binding name="CLICK CT_BarModActionButton116:LeftButton" category="ADDONS"/>
	<Binding name="CLICK CT_BarModActionButton117:LeftButton" category="ADDONS"/>
	<Binding name="CLICK CT_BarModActionButton118:LeftButton" category="ADDONS"/>
	<Binding name="CLICK CT_BarModActionButton119:LeftButton" category="ADDONS"/>
	<Binding name="CLICK CT_BarModActionButton120:LeftButton" category="ADDONS"/>
	<Binding name="CLICK CT_BarModActionButton121:LeftButton" header="CT_BarMod_Bar11" category="ADDONS"/>
	<Binding name="CLICK CT_BarModActionButton122:LeftButton" category="ADDONS"/>
	<Binding name="CLICK CT_BarModActionButton123:LeftButton" category="ADDONS"/>
	<Binding name="CLICK CT_BarModActionButton124:LeftButton" category="ADDONS"/>
	<Binding name="CLICK CT_BarModActionButton125:LeftButton" category="ADDONS"/>
	<Binding name="CLICK CT_BarModActionButton126:LeftButton" category="ADDONS"/>
	<Binding name="CLICK CT_BarModActionButton127:LeftButton" category="ADDONS"/>
	<Binding name="CLICK CT_BarModActionButton128:LeftButton" category="ADDONS"/>
	<Binding name="CLICK CT_BarModActionButton129:LeftButton" category="ADDONS"/>
	<Binding name="CLICK CT_BarModActionButton130:LeftButton" category="ADDONS"/>
	<Binding name="CLICK CT_BarModActionButton131:LeftButton" category="ADDONS"/>
	<Binding name="CLICK CT_BarModActionButton132:LeftButton" category="ADDONS"/>
	<Binding name="CLICK CT_BarModActionButton133:LeftButton" header="CT_BarMod_Bar12" category="ADDONS"/>
	<Binding name="CLICK CT_BarModActionButton134:LeftButton" category="ADDONS"/>
	<Binding name="CLICK CT_BarModActionButton135:LeftButton" category="ADDONS"/>
	<Binding name="CLICK CT_BarModActionButton136:LeftButton" category="ADDONS"/>
	<Binding name="CLICK CT_BarModActionButton137:LeftButton" category="ADDONS"/>
	<Binding name="CLICK CT_BarModActionButton138:LeftButton" category="ADDONS"/>
	<Binding name="CLICK CT_BarModActionButton139:LeftButton" category="ADDONS"/>
	<Binding name="CLICK CT_BarModActionButton140:LeftButton" category="ADDONS"/>
	<Binding name="CLICK CT_BarModActionButton141:LeftButton" category="ADDONS"/>
	<Binding name="CLICK CT_BarModActionButton142:LeftButton" category="ADDONS"/>
	<Binding name="CLICK CT_BarModActionButton143:LeftButton" category="ADDONS"/>
	<Binding name="CLICK CT_BarModActionButton144:LeftButton" category="ADDONS"/>
</Bindings>
