<Ui xmlns="http://www.blizzard.com/wow/ui/" xmlns:xsi="http://www.w3.org/2001/XMLSchema-instance" xsi:schemaLocation="http://www.blizzard.com/wow/ui/..\FrameXML\UI.xsd">

	<Script file="localization.lua"/>
	<Script file="CT_RaidAssist_MTPlayers.lua"/>

	<Frame name="CT_RA_MTPlayers" frameStrata="HIGH" toplevel="true" enableMouse="false" movable="true" parent="UIParent">
		<Scripts>
			<OnLoad>
				CT_RA_MTPlayers_OnLoad(self);
			</OnLoad>
			<OnEvent>
				CT_RA_MTPlayers_OnEvent(self, event, ...);
			</OnEvent>
		</Scripts>
	</Frame>
	<Frame name="CT_RAMTGroupPlayer" parent="UIParent" inherits="CT_RAGroupTemplate" id="102" hidden="true"/>
	<Frame name="CT_RAMTGroupPet" parent="UIParent" inherits="CT_RAGroupTemplate" id="103" hidden="true"/>

	<Frame name="CT_RAMTGroupPlayerDrag" inherits="CT_RAGroupDragTemplate" id="202" parent="UIParent" hidden="true">
		<Anchors>
			<Anchor point="TOPLEFT" relativePoint="TOPLEFT">
				<Offset>
					<AbsDimension x="540" y="-25"/>
				</Offset>
			</Anchor>
		</Anchors>
		<Scripts>
			<OnLoad>
				CT_RAMTGroupPlayer:ClearAllPoints();
				CT_RAMTGroupPlayer:SetPoint("TOP", self, "TOP", 0, -14);
			</OnLoad>
		</Scripts>
	</Frame>
	<Frame name="CT_RAMTGroupPetDrag" inherits="CT_RAGroupDragTemplate" id="203" parent="UIParent" hidden="true">
		<Anchors>
			<Anchor point="TOPLEFT" relativePoint="TOPLEFT">
				<Offset>
					<AbsDimension x="510" y="-15"/>
				</Offset>
			</Anchor>
		</Anchors>
		<Scripts>
			<OnLoad>
				CT_RAMTGroupPet:ClearAllPoints();
				CT_RAMTGroupPet:SetPoint("TOP", self, "TOP", 0, -14);
			</OnLoad>
		</Scripts>
	</Frame>

	<Frame name="CT_RA_MTPlayers_MenuGroupTemplate" virtual="true" hidden="false">
		<Size>
			<AbsDimension x="90" y="20"/>
		</Size>
		<Anchors>
			<Anchor point="TOPLEFT"/>
		</Anchors>
		<Scripts>
			<OnEnter>
				CT_RA_Drag_OnEnter(self);
			</OnEnter>
			<OnLeave>
				GameTooltip:Hide();
				CT_RA_MTPlayers_MouseIsOver = nil;
			</OnLeave>
			<OnMouseDown>
				if ( button == "RightButton" ) then
					CT_RA_MTPlayers_CT_RAMTGroupDragOnMouseDown(self, button);
				end
			</OnMouseDown>
			<OnLoad>
				self.id = self:GetID();
				self.name = self:GetName();
			</OnLoad>
		</Scripts>
	</Frame>
	<Frame name="CT_RAMTGroupPlayerMenu" inherits="CT_RA_MTPlayers_MenuGroupTemplate" id="302" parent="UIParent" hidden="true">
		<Anchors>
			<Anchor point="TOPLEFT" relativePoint="TOPLEFT" relativeTo="CT_RAMTGroupPlayerDrag">
				<Offset>
					<AbsDimension x="0" y="0"/>
				</Offset>
			</Anchor>
		</Anchors>
	</Frame>
	<Frame name="CT_RAMTGroupPetMenu" inherits="CT_RA_MTPlayers_MenuGroupTemplate" id="303" parent="UIParent" hidden="true">
		<Anchors>
			<Anchor point="TOPLEFT" relativePoint="TOPLEFT" relativeTo="CT_RAMTGroupPetDrag">
				<Offset>
					<AbsDimension x="0" y="0"/>
				</Offset>
			</Anchor>
		</Anchors>
	</Frame>
	<Frame name="CT_RAMTGroupMenu" inherits="CT_RA_MTPlayers_MenuGroupTemplate" id="301" parent="UIParent" hidden="true">
		<Anchors>
			<Anchor point="TOPLEFT" relativePoint="TOPLEFT" relativeTo="CT_RAMTGroupDrag">
				<Offset>
					<AbsDimension x="0" y="0"/>
				</Offset>
			</Anchor>
		</Anchors>
	</Frame>
</Ui>
