<Ui xmlns="http://www.blizzard.com/wow/ui/" xmlns:xsi="http://www.w3.org/2001/XMLSchema-instance" xsi:schemaLocation="http://www.blizzard.com/wow/ui/
C:\Projects\WoW\Bin\Interface\FrameXML\UI.xsd">
	<Script file="CT_RAMeters.lua"/>
	<!-- COMMENTED OUT BECAUSE IT IS LOADING AN EMPTY FILE: Script file="CT_RAMeters_Localization.lua"/-->
	<Frame name="CT_RAMetersFrame" hidden="true" movable="true" parent="UIParent">
		<Anchors>
			<Anchor point="CENTER"/>
		</Anchors>
		<Size>
			<AbsDimension x="125" y="50"/>
		</Size>
		<Layers>
			<Layer level="ARTWORK">
				<FontString name="$parentTitle" inherits="GameFontNormal" hidden="false" text="RaidStatus">
					<Anchors>
						<Anchor point="TOP">
							<Offset>
								<AbsDimension x="0" y="-5"/>
							</Offset>
						</Anchor>
					</Anchors>
				</FontString>
				<FontString name="$parentText" justifyH="CENTER" inherits="ChatFontNormal" hidden="false" text="No stats to track">
					<Anchors>
						<Anchor point="TOP">
							<Offset>
								<AbsDimension x="0" y="-20"/>
							</Offset>
						</Anchor>
					</Anchors>
				</FontString>
			</Layer>
		</Layers>
		<Backdrop bgFile="Interface\Tooltips\UI-Tooltip-Background" edgeFile="Interface\Tooltips\UI-Tooltip-Border" setAllPoints="true" tile="true">
			<EdgeSize>
				<AbsValue val="16"/>
			</EdgeSize>
			<TileSize>
				<AbsValue val="16"/>
			</TileSize>
			<BackgroundInsets>
				<AbsInset left="5" right="5" top="5" bottom="5"/>
			</BackgroundInsets>
		</Backdrop>
		<Scripts>
			<OnLoad>
				-- addition in 8.1.5.1 for lua-based dropdowns
				local frame = L_Create_UIDropDownMenu("CT_RAMeters_DropDown",self)
				frame:SetSize(10,10);
				frame:SetPoint("TOP",70,10);
				frame:SetID(1);
				frame:Hide();
				-- execution deferred until later -- CT_RAMeters_DropDown_OnLoad(frame);

				-- original onload before 8.1.5.1
				CT_RAMeters_OnLoad(self);
				self.update = 2;
			</OnLoad>
			<OnMouseDown>
				CT_RAMeters_OnMouseDown(self, button)
			</OnMouseDown>
			<OnMouseUp>
				if ( button == "LeftButton" ) then
					self:StopMovingOrSizing();
				end
			</OnMouseUp>
			<OnHide>
				self:StopMovingOrSizing();
			</OnHide>
			<OnUpdate>
				CT_RAMeters_OnUpdate(self, elapsed);
			</OnUpdate>
		</Scripts>
	</Frame>
</Ui>